split,candidate_id,candidate_family,evaluation_status,evidence_scope,quote_fraction_identifiability,policy_name,width_policy,normal_half_width_pct,defensive_half_width_pct,normal_levels,defensive_levels,defensive_quote_fraction,width_horizon_seconds,width_sigma_multiplier,min_half_width_pct,max_half_width_pct,active_sample_count,eligible_level_count,level_touch_count,samples_with_any_touch,sample_touch_rate,level_touch_rate,mean_adverse_move_after_proxy_touch,mean_expected_move_pct,normal_quote,defensive_quote,evidence_label,real_executor_fill_count,fees,turnover,net_pnl_proxy,inventory_utilization,drawdown,pct_normal,pct_high,pct_extreme,normal_total_quote,defensive_total_quote,normal_quote_per_level,defensive_quote_per_level,minimum_order_quote_assumption,minimum_order_constraints_pass,quote_fraction_evidence_status,is_baseline
development,LEVEL_SIZE:h1.25-x1.60-he1.12-xe1.35:STATIC_REGIME:nw0.0100:dw0.0250:nl3:dl2:q0.30,LEVEL_SIZE,CONFIGURATION_FEASIBILITY_ONLY,NONE,NOT_ECONOMICALLY_IDENTIFIABLE,h1.25-x1.60-he1.12-xe1.35,STATIC_REGIME,0.01,0.025,3,2,0.3,3600.0,1.5,0.005,0.05,0,0,0,0,,,,,100.0,30.0,UNAVAILABLE,0,,,,,,,,,100.0,30.0,33.333333333333336,15.0,5.0,True,NOT_ECONOMICALLY_IDENTIFIABLE,False
development,LEVEL_SIZE:h1.25-x1.60-he1.12-xe1.35:STATIC_REGIME:nw0.0100:dw0.0250:nl3:dl2:q0.40,LEVEL_SIZE,CONFIGURATION_FEASIBILITY_ONLY,NONE,NOT_ECONOMICALLY_IDENTIFIABLE,h1.25-x1.60-he1.12-xe1.35,STATIC_REGIME,0.01,0.025,3,2,0.4,3600.0,1.5,0.005,0.05,0,0,0,0,,,,,100.0,40.0,UNAVAILABLE,0,,,,,,,,,100.0,40.0,33.333333333333336,20.0,5.0,True,NOT_ECONOMICALLY_IDENTIFIABLE,False
development,LEVEL_SIZE:h1.25-x1.60-he1.12-xe1.35:STATIC_REGIME:nw0.0100:dw0.0250:nl3:dl2:q0.50,LEVEL_SIZE,CONFIGURATION_FEASIBILITY_ONLY,NONE,NOT_ECONOMICALLY_IDENTIFIABLE,h1.25-x1.60-he1.12-xe1.35,STATIC_REGIME,0.01,0.025,3,2,0.5,3600.0,1.5,0.005,0.05,0,0,0,0,,,,,100.0,50.0,UNAVAILABLE,0,,,,,,,,,100.0,50.0,33.333333333333336,25.0,5.0,True,NOT_ECONOMICALLY_IDENTIFIABLE,False
development,LEVEL_SIZE:h1.25-x1.60-he1.12-xe1.35:STATIC_REGIME:nw0.0100:dw0.0250:nl3:dl2:q0.60,LEVEL_SIZE,CONFIGURATION_FEASIBILITY_ONLY,NONE,NOT_ECONOMICALLY_IDENTIFIABLE,h1.25-x1.60-he1.12-xe1.35,STATIC_REGIME,0.01,0.025,3,2,0.6,3600.0,1.5,0.005,0.05,0,0,0,0,,,,,100.0,60.0,UNAVAILABLE,0,,,,,,,,,100.0,60.0,33.333333333333336,30.0,5.0,True,NOT_ECONOMICALLY_IDENTIFIABLE,False
development,LEVEL_SIZE:h1.25-x1.60-he1.12-xe1.35:STATIC_REGIME:nw0.0100:dw0.0250:nl3:dl2:q0.75,LEVEL_SIZE,CONFIGURATION_FEASIBILITY_ONLY,NONE,NOT_ECONOMICALLY_IDENTIFIABLE,h1.25-x1.60-he1.12-xe1.35,STATIC_REGIME,0.01,0.025,3,2,0.75,3600.0,1.5,0.005,0.05,0,0,0,0,,,,,100.0,75.0,UNAVAILABLE,0,,,,,,,,,100.0,75.0,33.333333333333336,37.5,5.0,True,NOT_ECONOMICALLY_IDENTIFIABLE,False
development,LEVEL_SIZE:h1.25-x1.60-he1.12-xe1.35:STATIC_REGIME:nw0.0100:dw0.0250:nl3:dl3:q0.30,LEVEL_SIZE,CONFIGURATION_FEASIBILITY_ONLY,NONE,NOT_ECONOMICALLY_IDENTIFIABLE,h1.25-x1.60-he1.12-xe1.35,STATIC_REGIME,0.01,0.025,3,3,0.3,3600.0,1.5,0.005,0.05,0,0,0,0,,,,,100.0,30.0,UNAVAILABLE,0,,,,,,,,,100.0,30.0,33.333333333333336,10.0,5.0,True,NOT_ECONOMICALLY_IDENTIFIABLE,False
development,LEVEL_SIZE:h1.25-x1.60-he1.12-xe1.35:STATIC_REGIME:nw0.0100:dw0.0250:nl3:dl3:q0.40,LEVEL_SIZE,CONFIGURATION_FEASIBILITY_ONLY,NONE,NOT_ECONOMICALLY_IDENTIFIABLE,h1.25-x1.60-he1.12-xe1.35,STATIC_REGIME,0.01,0.025,3,3,0.4,3600.0,1.5,0.005,0.05,0,0,0,0,,,,,100.0,40.0,UNAVAILABLE,0,,,,,,,,,100.0,40.0,33.333333333333336,13.333333333333334,5.0,True,NOT_ECONOMICALLY_IDENTIFIABLE,False
development,LEVEL_SIZE:h1.25-x1.60-he1.12-xe1.35:STATIC_REGIME:nw0.0100:dw0.0250:nl3:dl3:q0.50,LEVEL_SIZE,CONFIGURATION_FEASIBILITY_ONLY,NONE,NOT_ECONOMICALLY_IDENTIFIABLE,h1.25-x1.60-he1.12-xe1.35,STATIC_REGIME,0.01,0.025,3,3,0.5,3600.0,1.5,0.005,0.05,0,0,0,0,,,,,100.0,50.0,UNAVAILABLE,0,,,,,,,,,100.0,50.0,33.333333333333336,16.666666666666668,5.0,True,NOT_ECONOMICALLY_IDENTIFIABLE,False
development,LEVEL_SIZE:h1.25-x1.60-he1.12-xe1.35:STATIC_REGIME:nw0.0100:dw0.0250:nl3:dl3:q0.60,LEVEL_SIZE,CONFIGURATION_FEASIBILITY_ONLY,NONE,NOT_ECONOMICALLY_IDENTIFIABLE,h1.25-x1.60-he1.12-xe1.35,STATIC_REGIME,0.01,0.025,3,3,0.6,3600.0,1.5,0.005,0.05,0,0,0,0,,,,,100.0,60.0,UNAVAILABLE,0,,,,,,,,,100.0,60.0,33.333333333333336,20.0,5.0,True,NOT_ECONOMICALLY_IDENTIFIABLE,False
development,LEVEL_SIZE:h1.25-x1.60-he1.12-xe1.35:STATIC_REGIME:nw0.0100:dw0.0250:nl3:dl3:q0.75,LEVEL_SIZE,CONFIGURATION_FEASIBILITY_ONLY,NONE,NOT_ECONOMICALLY_IDENTIFIABLE,h1.25-x1.60-he1.12-xe1.35,STATIC_REGIME,0.01,0.025,3,3,0.75,3600.0,1.5,0.005,0.05,0,0,0,0,,,,,100.0,75.0,UNAVAILABLE,0,,,,,,,,,100.0,75.0,33.333333333333336,25.0,5.0,True,NOT_ECONOMICALLY_IDENTIFIABLE,False
development,LEVEL_SIZE:h1.25-x1.60-he1.12-xe1.35:STATIC_REGIME:nw0.0100:dw0.0250:nl3:dl5:q0.30,LEVEL_SIZE,CONFIGURATION_FEASIBILITY_ONLY,NONE,NOT_ECONOMICALLY_IDENTIFIABLE,h1.25-x1.60-he1.12-xe1.35,STATIC_REGIME,0.01,0.025,3,5,0.3,3600.0,1.5,0.005,0.05,0,0,0,0,,,,,100.0,30.0,UNAVAILABLE,0,,,,,,,,,100.0,30.0,33.333333333333336,6.0,5.0,True,NOT_ECONOMICALLY_IDENTIFIABLE,False
development,LEVEL_SIZE:h1.25-x1.60-he1.12-xe1.35:STATIC_REGIME:nw0.0100:dw0.0250:nl3:dl5:q0.40,LEVEL_SIZE,CONFIGURATION_FEASIBILITY_ONLY,NONE,NOT_ECONOMICALLY_IDENTIFIABLE,h1.25-x1.60-he1.12-xe1.35,STATIC_REGIME,0.01,0.025,3,5,0.4,3600.0,1.5,0.005,0.05,0,0,0,0,,,,,100.0,40.0,UNAVAILABLE,0,,,,,,,,,100.0,40.0,33.333333333333336,8.0,5.0,True,NOT_ECONOMICALLY_IDENTIFIABLE,False
development,LEVEL_SIZE:h1.25-x1.60-he1.12-xe1.35:STATIC_REGIME:nw0.0100:dw0.0250:nl3:dl5:q0.50,LEVEL_SIZE,CONFIGURATION_FEASIBILITY_ONLY,NONE,NOT_ECONOMICALLY_IDENTIFIABLE,h1.25-x1.60-he1.12-xe1.35,STATIC_REGIME,0.01,0.025,3,5,0.5,3600.0,1.5,0.005,0.05,0,0,0,0,,,,,100.0,50.0,UNAVAILABLE,0,,,,,,,,,100.0,50.0,33.333333333333336,10.0,5.0,True,NOT_ECONOMICALLY_IDENTIFIABLE,False
development,LEVEL_SIZE:h1.25-x1.60-he1.12-xe1.35:STATIC_REGIME:nw0.0100:dw0.0250:nl3:dl5:q0.60,LEVEL_SIZE,CONFIGURATION_FEASIBILITY_ONLY,NONE,NOT_ECONOMICALLY_IDENTIFIABLE,h1.25-x1.60-he1.12-xe1.35,STATIC_REGIME,0.01,0.025,3,5,0.6,3600.0,1.5,0.005,0.05,0,0,0,0,,,,,100.0,60.0,UNAVAILABLE,0,,,,,,,,,100.0,60.0,33.333333333333336,12.0,5.0,True,NOT_ECONOMICALLY_IDENTIFIABLE,False
development,LEVEL_SIZE:h1.25-x1.60-he1.12-xe1.35:STATIC_REGIME:nw0.0100:dw0.0250:nl3:dl5:q0.75,LEVEL_SIZE,CONFIGURATION_FEASIBILITY_ONLY,NONE,NOT_ECONOMICALLY_IDENTIFIABLE,h1.25-x1.60-he1.12-xe1.35,STATIC_REGIME,0.01,0.025,3,5,0.75,3600.0,1.5,0.005,0.05,0,0,0,0,,,,,100.0,75.0,UNAVAILABLE,0,,,,,,,,,100.0,75.0,33.333333333333336,15.0,5.0,True,NOT_ECONOMICALLY_IDENTIFIABLE,False
development,LEVEL_SIZE:h1.25-x1.60-he1.12-xe1.35:STATIC_REGIME:nw0.0100:dw0.0250:nl5:dl2:q0.30,LEVEL_SIZE,CONFIGURATION_FEASIBILITY_ONLY,NONE,NOT_ECONOMICALLY_IDENTIFIABLE,h1.25-x1.60-he1.12-xe1.35,STATIC_REGIME,0.01,0.025,5,2,0.3,3600.0,1.5,0.005,0.05,0,0,0,0,,,,,100.0,30.0,UNAVAILABLE,0,,,,,,,,,100.0,30.0,20.0,15.0,5.0,True,NOT_ECONOMICALLY_IDENTIFIABLE,False
development,LEVEL_SIZE:h1.25-x1.60-he1.12-xe1.35:STATIC_REGIME:nw0.0100:dw0.0250:nl5:dl2:q0.40,LEVEL_SIZE,CONFIGURATION_FEASIBILITY_ONLY,NONE,NOT_ECONOMICALLY_IDENTIFIABLE,h1.25-x1.60-he1.12-xe1.35,STATIC_REGIME,0.01,0.025,5,2,0.4,3600.0,1.5,0.005,0.05,0,0,0,0,,,,,100.0,40.0,UNAVAILABLE,0,,,,,,,,,100.0,40.0,20.0,20.0,5.0,True,NOT_ECONOMICALLY_IDENTIFIABLE,False
development,LEVEL_SIZE:h1.25-x1.60-he1.12-xe1.35:STATIC_REGIME:nw0.0100:dw0.0250:nl5:dl2:q0.50,LEVEL_SIZE,CONFIGURATION_FEASIBILITY_ONLY,NONE,NOT_ECONOMICALLY_IDENTIFIABLE,h1.25-x1.60-he1.12-xe1.35,STATIC_REGIME,0.01,0.025,5,2,0.5,3600.0,1.5,0.005,0.05,0,0,0,0,,,,,100.0,50.0,UNAVAILABLE,0,,,,,,,,,100.0,50.0,20.0,25.0,5.0,True,NOT_ECONOMICALLY_IDENTIFIABLE,False
development,LEVEL_SIZE:h1.25-x1.60-he1.12-xe1.35:STATIC_REGIME:nw0.0100:dw0.0250:nl5:dl2:q0.60,LEVEL_SIZE,CONFIGURATION_FEASIBILITY_ONLY,NONE,NOT_ECONOMICALLY_IDENTIFIABLE,h1.25-x1.60-he1.12-xe1.35,STATIC_REGIME,0.01,0.025,5,2,0.6,3600.0,1.5,0.005,0.05,0,0,0,0,,,,,100.0,60.0,UNAVAILABLE,0,,,,,,,,,100.0,60.0,20.0,30.0,5.0,True,NOT_ECONOMICALLY_IDENTIFIABLE,False
development,LEVEL_SIZE:h1.25-x1.60-he1.12-xe1.35:STATIC_REGIME:nw0.0100:dw0.0250:nl5:dl2:q0.75,LEVEL_SIZE,CONFIGURATION_FEASIBILITY_ONLY,NONE,NOT_ECONOMICALLY_IDENTIFIABLE,h1.25-x1.60-he1.12-xe1.35,STATIC_REGIME,0.01,0.025,5,2,0.75,3600.0,1.5,0.005,0.05,0,0,0,0,,,,,100.0,75.0,UNAVAILABLE,0,,,,,,,,,100.0,75.0,20.0,37.5,5.0,True,NOT_ECONOMICALLY_IDENTIFIABLE,False
development,LEVEL_SIZE:h1.25-x1.60-he1.12-xe1.35:STATIC_REGIME:nw0.0100:dw0.0250:nl5:dl3:q0.30,LEVEL_SIZE,CONFIGURATION_FEASIBILITY_ONLY,NONE,NOT_ECONOMICALLY_IDENTIFIABLE,h1.25-x1.60-he1.12-xe1.35,STATIC_REGIME,0.01,0.025,5,3,0.3,3600.0,1.5,0.005,0.05,0,0,0,0,,,,,100.0,30.0,UNAVAILABLE,0,,,,,,,,,100.0,30.0,20.0,10.0,5.0,True,NOT_ECONOMICALLY_IDENTIFIABLE,False
development,LEVEL_SIZE:h1.25-x1.60-he1.12-xe1.35:STATIC_REGIME:nw0.0100:dw0.0250:nl5:dl3:q0.40,LEVEL_SIZE,CONFIGURATION_FEASIBILITY_ONLY,NONE,NOT_ECONOMICALLY_IDENTIFIABLE,h1.25-x1.60-he1.12-xe1.35,STATIC_REGIME,0.01,0.025,5,3,0.4,3600.0,1.5,0.005,0.05,0,0,0,0,,,,,100.0,40.0,UNAVAILABLE,0,,,,,,,,,100.0,40.0,20.0,13.333333333333334,5.0,True,NOT_ECONOMICALLY_IDENTIFIABLE,False
development,LEVEL_SIZE:h1.25-x1.60-he1.12-xe1.35:STATIC_REGIME:nw0.0100:dw0.0250:nl5:dl3:q0.50,LEVEL_SIZE,CONFIGURATION_FEASIBILITY_ONLY,NONE,NOT_ECONOMICALLY_IDENTIFIABLE,h1.25-x1.60-he1.12-xe1.35,STATIC_REGIME,0.01,0.025,5,3,0.5,3600.0,1.5,0.005,0.05,0,0,0,0,,,,,100.0,50.0,UNAVAILABLE,0,,,,,,,,,100.0,50.0,20.0,16.666666666666668,5.0,True,NOT_ECONOMICALLY_IDENTIFIABLE,False
development,LEVEL_SIZE:h1.25-x1.60-he1.12-xe1.35:STATIC_REGIME:nw0.0100:dw0.0250:nl5:dl3:q0.60,LEVEL_SIZE,CONFIGURATION_FEASIBILITY_ONLY,NONE,NOT_ECONOMICALLY_IDENTIFIABLE,h1.25-x1.60-he1.12-xe1.35,STATIC_REGIME,0.01,0.025,5,3,0.6,3600.0,1.5,0.005,0.05,0,0,0,0,,,,,100.0,60.0,UNAVAILABLE,0,,,,,,,,,100.0,60.0,20.0,20.0,5.0,True,NOT_ECONOMICALLY_IDENTIFIABLE,True
development,LEVEL_SIZE:h1.25-x1.60-he1.12-xe1.35:STATIC_REGIME:nw0.0100:dw0.0250:nl5:dl3:q0.75,LEVEL_SIZE,CONFIGURATION_FEASIBILITY_ONLY,NONE,NOT_ECONOMICALLY_IDENTIFIABLE,h1.25-x1.60-he1.12-xe1.35,STATIC_REGIME,0.01,0.025,5,3,0.75,3600.0,1.5,0.005,0.05,0,0,0,0,,,,,100.0,75.0,UNAVAILABLE,0,,,,,,,,,100.0,75.0,20.0,25.0,5.0,True,NOT_ECONOMICALLY_IDENTIFIABLE,False
development,LEVEL_SIZE:h1.25-x1.60-he1.12-xe1.35:STATIC_REGIME:nw0.0100:dw0.0250:nl5:dl5:q0.30,LEVEL_SIZE,CONFIGURATION_FEASIBILITY_ONLY,NONE,NOT_ECONOMICALLY_IDENTIFIABLE,h1.25-x1.60-he1.12-xe1.35,STATIC_REGIME,0.01,0.025,5,5,0.3,3600.0,1.5,0.005,0.05,0,0,0,0,,,,,100.0,30.0,UNAVAILABLE,0,,,,,,,,,100.0,30.0,20.0,6.0,5.0,True,NOT_ECONOMICALLY_IDENTIFIABLE,False
development,LEVEL_SIZE:h1.25-x1.60-he1.12-xe1.35:STATIC_REGIME:nw0.0100:dw0.0250:nl5:dl5:q0.40,LEVEL_SIZE,CONFIGURATION_FEASIBILITY_ONLY,NONE,NOT_ECONOMICALLY_IDENTIFIABLE,h1.25-x1.60-he1.12-xe1.35,STATIC_REGIME,0.01,0.025,5,5,0.4,3600.0,1.5,0.005,0.05,0,0,0,0,,,,,100.0,40.0,UNAVAILABLE,0,,,,,,,,,100.0,40.0,20.0,8.0,5.0,True,NOT_ECONOMICALLY_IDENTIFIABLE,False
development,LEVEL_SIZE:h1.25-x1.60-he1.12-xe1.35:STATIC_REGIME:nw0.0100:dw0.0250:nl5:dl5:q0.50,LEVEL_SIZE,CONFIGURATION_FEASIBILITY_ONLY,NONE,NOT_ECONOMICALLY_IDENTIFIABLE,h1.25-x1.60-he1.12-xe1.35,STATIC_REGIME,0.01,0.025,5,5,0.5,3600.0,1.5,0.005,0.05,0,0,0,0,,,,,100.0,50.0,UNAVAILABLE,0,,,,,,,,,100.0,50.0,20.0,10.0,5.0,True,NOT_ECONOMICALLY_IDENTIFIABLE,False
development,LEVEL_SIZE:h1.25-x1.60-he1.12-xe1.35:STATIC_REGIME:nw0.0100:dw0.0250:nl5:dl5:q0.60,LEVEL_SIZE,CONFIGURATION_FEASIBILITY_ONLY,NONE,NOT_ECONOMICALLY_IDENTIFIABLE,h1.25-x1.60-he1.12-xe1.35,STATIC_REGIME,0.01,0.025,5,5,0.6,3600.0,1.5,0.005,0.05,0,0,0,0,,,,,100.0,60.0,UNAVAILABLE,0,,,,,,,,,100.0,60.0,20.0,12.0,5.0,True,NOT_ECONOMICALLY_IDENTIFIABLE,False
development,LEVEL_SIZE:h1.25-x1.60-he1.12-xe1.35:STATIC_REGIME:nw0.0100:dw0.0250:nl5:dl5:q0.75,LEVEL_SIZE,CONFIGURATION_FEASIBILITY_ONLY,NONE,NOT_ECONOMICALLY_IDENTIFIABLE,h1.25-x1.60-he1.12-xe1.35,STATIC_REGIME,0.01,0.025,5,5,0.75,3600.0,1.5,0.005,0.05,0,0,0,0,,,,,100.0,75.0,UNAVAILABLE,0,,,,,,,,,100.0,75.0,20.0,15.0,5.0,True,NOT_ECONOMICALLY_IDENTIFIABLE,False
development,LEVEL_SIZE:h1.25-x1.60-he1.12-xe1.35:STATIC_REGIME:nw0.0100:dw0.0250:nl7:dl2:q0.30,LEVEL_SIZE,CONFIGURATION_FEASIBILITY_ONLY,NONE,NOT_ECONOMICALLY_IDENTIFIABLE,h1.25-x1.60-he1.12-xe1.35,STATIC_REGIME,0.01,0.025,7,2,0.3,3600.0,1.5,0.005,0.05,0,0,0,0,,,,,100.0,30.0,UNAVAILABLE,0,,,,,,,,,100.0,30.0,14.285714285714286,15.0,5.0,True,NOT_ECONOMICALLY_IDENTIFIABLE,False
development,LEVEL_SIZE:h1.25-x1.60-he1.12-xe1.35:STATIC_REGIME:nw0.0100:dw0.0250:nl7:dl2:q0.40,LEVEL_SIZE,CONFIGURATION_FEASIBILITY_ONLY,NONE,NOT_ECONOMICALLY_IDENTIFIABLE,h1.25-x1.60-he1.12-xe1.35,STATIC_REGIME,0.01,0.025,7,2,0.4,3600.0,1.5,0.005,0.05,0,0,0,0,,,,,100.0,40.0,UNAVAILABLE,0,,,,,,,,,100.0,40.0,14.285714285714286,20.0,5.0,True,NOT_ECONOMICALLY_IDENTIFIABLE,False
development,LEVEL_SIZE:h1.25-x1.60-he1.12-xe1.35:STATIC_REGIME:nw0.0100:dw0.0250:nl7:dl2:q0.50,LEVEL_SIZE,CONFIGURATION_FEASIBILITY_ONLY,NONE,NOT_ECONOMICALLY_IDENTIFIABLE,h1.25-x1.60-he1.12-xe1.35,STATIC_REGIME,0.01,0.025,7,2,0.5,3600.0,1.5,0.005,0.05,0,0,0,0,,,,,100.0,50.0,UNAVAILABLE,0,,,,,,,,,100.0,50.0,14.285714285714286,25.0,5.0,True,NOT_ECONOMICALLY_IDENTIFIABLE,False
development,LEVEL_SIZE:h1.25-x1.60-he1.12-xe1.35:STATIC_REGIME:nw0.0100:dw0.0250:nl7:dl2:q0.60,LEVEL_SIZE,CONFIGURATION_FEASIBILITY_ONLY,NONE,NOT_ECONOMICALLY_IDENTIFIABLE,h1.25-x1.60-he1.12-xe1.35,STATIC_REGIME,0.01,0.025,7,2,0.6,3600.0,1.5,0.005,0.05,0,0,0,0,,,,,100.0,60.0,UNAVAILABLE,0,,,,,,,,,100.0,60.0,14.285714285714286,30.0,5.0,True,NOT_ECONOMICALLY_IDENTIFIABLE,False
development,LEVEL_SIZE:h1.25-x1.60-he1.12-xe1.35:STATIC_REGIME:nw0.0100:dw0.0250:nl7:dl2:q0.75,LEVEL_SIZE,CONFIGURATION_FEASIBILITY_ONLY,NONE,NOT_ECONOMICALLY_IDENTIFIABLE,h1.25-x1.60-he1.12-xe1.35,STATIC_REGIME,0.01,0.025,7,2,0.75,3600.0,1.5,0.005,0.05,0,0,0,0,,,,,100.0,75.0,UNAVAILABLE,0,,,,,,,,,100.0,75.0,14.285714285714286,37.5,5.0,True,NOT_ECONOMICALLY_IDENTIFIABLE,False
development,LEVEL_SIZE:h1.25-x1.60-he1.12-xe1.35:STATIC_REGIME:nw0.0100:dw0.0250:nl7:dl3:q0.30,LEVEL_SIZE,CONFIGURATION_FEASIBILITY_ONLY,NONE,NOT_ECONOMICALLY_IDENTIFIABLE,h1.25-x1.60-he1.12-xe1.35,STATIC_REGIME,0.01,0.025,7,3,0.3,3600.0,1.5,0.005,0.05,0,0,0,0,,,,,100.0,30.0,UNAVAILABLE,0,,,,,,,,,100.0,30.0,14.285714285714286,10.0,5.0,True,NOT_ECONOMICALLY_IDENTIFIABLE,False
development,LEVEL_SIZE:h1.25-x1.60-he1.12-xe1.35:STATIC_REGIME:nw0.0100:dw0.0250:nl7:dl3:q0.40,LEVEL_SIZE,CONFIGURATION_FEASIBILITY_ONLY,NONE,NOT_ECONOMICALLY_IDENTIFIABLE,h1.25-x1.60-he1.12-xe1.35,STATIC_REGIME,0.01,0.025,7,3,0.4,3600.0,1.5,0.005,0.05,0,0,0,0,,,,,100.0,40.0,UNAVAILABLE,0,,,,,,,,,100.0,40.0,14.285714285714286,13.333333333333334,5.0,True,NOT_ECONOMICALLY_IDENTIFIABLE,False
development,LEVEL_SIZE:h1.25-x1.60-he1.12-xe1.35:STATIC_REGIME:nw0.0100:dw0.0250:nl7:dl3:q0.50,LEVEL_SIZE,CONFIGURATION_FEASIBILITY_ONLY,NONE,NOT_ECONOMICALLY_IDENTIFIABLE,h1.25-x1.60-he1.12-xe1.35,STATIC_REGIME,0.01,0.025,7,3,0.5,3600.0,1.5,0.005,0.05,0,0,0,0,,,,,100.0,50.0,UNAVAILABLE,0,,,,,,,,,100.0,50.0,14.285714285714286,16.666666666666668,5.0,True,NOT_ECONOMICALLY_IDENTIFIABLE,False
development,LEVEL_SIZE:h1.25-x1.60-he1.12-xe1.35:STATIC_REGIME:nw0.0100:dw0.0250:nl7:dl3:q0.60,LEVEL_SIZE,CONFIGURATION_FEASIBILITY_ONLY,NONE,NOT_ECONOMICALLY_IDENTIFIABLE,h1.25-x1.60-he1.12-xe1.35,STATIC_REGIME,0.01,0.025,7,3,0.6,3600.0,1.5,0.005,0.05,0,0,0,0,,,,,100.0,60.0,UNAVAILABLE,0,,,,,,,,,100.0,60.0,14.285714285714286,20.0,5.0,True,NOT_ECONOMICALLY_IDENTIFIABLE,False
development,LEVEL_SIZE:h1.25-x1.60-he1.12-xe1.35:STATIC_REGIME:nw0.0100:dw0.0250:nl7:dl3:q0.75,LEVEL_SIZE,CONFIGURATION_FEASIBILITY_ONLY,NONE,NOT_ECONOMICALLY_IDENTIFIABLE,h1.25-x1.60-he1.12-xe1.35,STATIC_REGIME,0.01,0.025,7,3,0.75,3600.0,1.5,0.005,0.05,0,0,0,0,,,,,100.0,75.0,UNAVAILABLE,0,,,,,,,,,100.0,75.0,14.285714285714286,25.0,5.0,True,NOT_ECONOMICALLY_IDENTIFIABLE,False
development,LEVEL_SIZE:h1.25-x1.60-he1.12-xe1.35:STATIC_REGIME:nw0.0100:dw0.0250:nl7:dl5:q0.30,LEVEL_SIZE,CONFIGURATION_FEASIBILITY_ONLY,NONE,NOT_ECONOMICALLY_IDENTIFIABLE,h1.25-x1.60-he1.12-xe1.35,STATIC_REGIME,0.01,0.025,7,5,0.3,3600.0,1.5,0.005,0.05,0,0,0,0,,,,,100.0,30.0,UNAVAILABLE,0,,,,,,,,,100.0,30.0,14.285714285714286,6.0,5.0,True,NOT_ECONOMICALLY_IDENTIFIABLE,False
development,LEVEL_SIZE:h1.25-x1.60-he1.12-xe1.35:STATIC_REGIME:nw0.0100:dw0.0250:nl7:dl5:q0.40,LEVEL_SIZE,CONFIGURATION_FEASIBILITY_ONLY,NONE,NOT_ECONOMICALLY_IDENTIFIABLE,h1.25-x1.60-he1.12-xe1.35,STATIC_REGIME,0.01,0.025,7,5,0.4,3600.0,1.5,0.005,0.05,0,0,0,0,,,,,100.0,40.0,UNAVAILABLE,0,,,,,,,,,100.0,40.0,14.285714285714286,8.0,5.0,True,NOT_ECONOMICALLY_IDENTIFIABLE,False
development,LEVEL_SIZE:h1.25-x1.60-he1.12-xe1.35:STATIC_REGIME:nw0.0100:dw0.0250:nl7:dl5:q0.50,LEVEL_SIZE,CONFIGURATION_FEASIBILITY_ONLY,NONE,NOT_ECONOMICALLY_IDENTIFIABLE,h1.25-x1.60-he1.12-xe1.35,STATIC_REGIME,0.01,0.025,7,5,0.5,3600.0,1.5,0.005,0.05,0,0,0,0,,,,,100.0,50.0,UNAVAILABLE,0,,,,,,,,,100.0,50.0,14.285714285714286,10.0,5.0,True,NOT_ECONOMICALLY_IDENTIFIABLE,False
development,LEVEL_SIZE:h1.25-x1.60-he1.12-xe1.35:STATIC_REGIME:nw0.0100:dw0.0250:nl7:dl5:q0.60,LEVEL_SIZE,CONFIGURATION_FEASIBILITY_ONLY,NONE,NOT_ECONOMICALLY_IDENTIFIABLE,h1.25-x1.60-he1.12-xe1.35,STATIC_REGIME,0.01,0.025,7,5,0.6,3600.0,1.5,0.005,0.05,0,0,0,0,,,,,100.0,60.0,UNAVAILABLE,0,,,,,,,,,100.0,60.0,14.285714285714286,12.0,5.0,True,NOT_ECONOMICALLY_IDENTIFIABLE,False
development,LEVEL_SIZE:h1.25-x1.60-he1.12-xe1.35:STATIC_REGIME:nw0.0100:dw0.0250:nl7:dl5:q0.75,LEVEL_SIZE,CONFIGURATION_FEASIBILITY_ONLY,NONE,NOT_ECONOMICALLY_IDENTIFIABLE,h1.25-x1.60-he1.12-xe1.35,STATIC_REGIME,0.01,0.025,7,5,0.75,3600.0,1.5,0.005,0.05,0,0,0,0,,,,,100.0,75.0,UNAVAILABLE,0,,,,,,,,,100.0,75.0,14.285714285714286,15.0,5.0,True,NOT_ECONOMICALLY_IDENTIFIABLE,False
validation,LEVEL_SIZE:h1.25-x1.60-he1.12-xe1.35:STATIC_REGIME:nw0.0100:dw0.0250:nl3:dl2:q0.30,LEVEL_SIZE,CONFIGURATION_FEASIBILITY_ONLY,NONE,NOT_ECONOMICALLY_IDENTIFIABLE,h1.25-x1.60-he1.12-xe1.35,STATIC_REGIME,0.01,0.025,3,2,0.3,3600.0,1.5,0.005,0.05,0,0,0,0,,,,,100.0,30.0,UNAVAILABLE,0,,,,,,,,,100.0,30.0,33.333333333333336,15.0,5.0,True,NOT_ECONOMICALLY_IDENTIFIABLE,False
validation,LEVEL_SIZE:h1.25-x1.60-he1.12-xe1.35:STATIC_REGIME:nw0.0100:dw0.0250:nl3:dl2:q0.40,LEVEL_SIZE,CONFIGURATION_FEASIBILITY_ONLY,NONE,NOT_ECONOMICALLY_IDENTIFIABLE,h1.25-x1.60-he1.12-xe1.35,STATIC_REGIME,0.01,0.025,3,2,0.4,3600.0,1.5,0.005,0.05,0,0,0,0,,,,,100.0,40.0,UNAVAILABLE,0,,,,,,,,,100.0,40.0,33.333333333333336,20.0,5.0,True,NOT_ECONOMICALLY_IDENTIFIABLE,False
validation,LEVEL_SIZE:h1.25-x1.60-he1.12-xe1.35:STATIC_REGIME:nw0.0100:dw0.0250:nl3:dl2:q0.50,LEVEL_SIZE,CONFIGURATION_FEASIBILITY_ONLY,NONE,NOT_ECONOMICALLY_IDENTIFIABLE,h1.25-x1.60-he1.12-xe1.35,STATIC_REGIME,0.01,0.025,3,2,0.5,3600.0,1.5,0.005,0.05,0,0,0,0,,,,,100.0,50.0,UNAVAILABLE,0,,,,,,,,,100.0,50.0,33.333333333333336,25.0,5.0,True,NOT_ECONOMICALLY_IDENTIFIABLE,False
validation,LEVEL_SIZE:h1.25-x1.60-he1.12-xe1.35:STATIC_REGIME:nw0.0100:dw0.0250:nl3:dl2:q0.60,LEVEL_SIZE,CONFIGURATION_FEASIBILITY_ONLY,NONE,NOT_ECONOMICALLY_IDENTIFIABLE,h1.25-x1.60-he1.12-xe1.35,STATIC_REGIME,0.01,0.025,3,2,0.6,3600.0,1.5,0.005,0.05,0,0,0,0,,,,,100.0,60.0,UNAVAILABLE,0,,,,,,,,,100.0,60.0,33.333333333333336,30.0,5.0,True,NOT_ECONOMICALLY_IDENTIFIABLE,False
validation,LEVEL_SIZE:h1.25-x1.60-he1.12-xe1.35:STATIC_REGIME:nw0.0100:dw0.0250:nl3:dl2:q0.75,LEVEL_SIZE,CONFIGURATION_FEASIBILITY_ONLY,NONE,NOT_ECONOMICALLY_IDENTIFIABLE,h1.25-x1.60-he1.12-xe1.35,STATIC_REGIME,0.01,0.025,3,2,0.75,3600.0,1.5,0.005,0.05,0,0,0,0,,,,,100.0,75.0,UNAVAILABLE,0,,,,,,,,,100.0,75.0,33.333333333333336,37.5,5.0,True,NOT_ECONOMICALLY_IDENTIFIABLE,False
validation,LEVEL_SIZE:h1.25-x1.60-he1.12-xe1.35:STATIC_REGIME:nw0.0100:dw0.0250:nl3:dl3:q0.30,LEVEL_SIZE,CONFIGURATION_FEASIBILITY_ONLY,NONE,NOT_ECONOMICALLY_IDENTIFIABLE,h1.25-x1.60-he1.12-xe1.35,STATIC_REGIME,0.01,0.025,3,3,0.3,3600.0,1.5,0.005,0.05,0,0,0,0,,,,,100.0,30.0,UNAVAILABLE,0,,,,,,,,,100.0,30.0,33.333333333333336,10.0,5.0,True,NOT_ECONOMICALLY_IDENTIFIABLE,False
validation,LEVEL_SIZE:h1.25-x1.60-he1.12-xe1.35:STATIC_REGIME:nw0.0100:dw0.0250:nl3:dl3:q0.40,LEVEL_SIZE,CONFIGURATION_FEASIBILITY_ONLY,NONE,NOT_ECONOMICALLY_IDENTIFIABLE,h1.25-x1.60-he1.12-xe1.35,STATIC_REGIME,0.01,0.025,3,3,0.4,3600.0,1.5,0.005,0.05,0,0,0,0,,,,,100.0,40.0,UNAVAILABLE,0,,,,,,,,,100.0,40.0,33.333333333333336,13.333333333333334,5.0,True,NOT_ECONOMICALLY_IDENTIFIABLE,False
validation,LEVEL_SIZE:h1.25-x1.60-he1.12-xe1.35:STATIC_REGIME:nw0.0100:dw0.0250:nl3:dl3:q0.50,LEVEL_SIZE,CONFIGURATION_FEASIBILITY_ONLY,NONE,NOT_ECONOMICALLY_IDENTIFIABLE,h1.25-x1.60-he1.12-xe1.35,STATIC_REGIME,0.01,0.025,3,3,0.5,3600.0,1.5,0.005,0.05,0,0,0,0,,,,,100.0,50.0,UNAVAILABLE,0,,,,,,,,,100.0,50.0,33.333333333333336,16.666666666666668,5.0,True,NOT_ECONOMICALLY_IDENTIFIABLE,False
validation,LEVEL_SIZE:h1.25-x1.60-he1.12-xe1.35:STATIC_REGIME:nw0.0100:dw0.0250:nl3:dl3:q0.60,LEVEL_SIZE,CONFIGURATION_FEASIBILITY_ONLY,NONE,NOT_ECONOMICALLY_IDENTIFIABLE,h1.25-x1.60-he1.12-xe1.35,STATIC_REGIME,0.01,0.025,3,3,0.6,3600.0,1.5,0.005,0.05,0,0,0,0,,,,,100.0,60.0,UNAVAILABLE,0,,,,,,,,,100.0,60.0,33.333333333333336,20.0,5.0,True,NOT_ECONOMICALLY_IDENTIFIABLE,False
validation,LEVEL_SIZE:h1.25-x1.60-he1.12-xe1.35:STATIC_REGIME:nw0.0100:dw0.0250:nl3:dl3:q0.75,LEVEL_SIZE,CONFIGURATION_FEASIBILITY_ONLY,NONE,NOT_ECONOMICALLY_IDENTIFIABLE,h1.25-x1.60-he1.12-xe1.35,STATIC_REGIME,0.01,0.025,3,3,0.75,3600.0,1.5,0.005,0.05,0,0,0,0,,,,,100.0,75.0,UNAVAILABLE,0,,,,,,,,,100.0,75.0,33.333333333333336,25.0,5.0,True,NOT_ECONOMICALLY_IDENTIFIABLE,False
validation,LEVEL_SIZE:h1.25-x1.60-he1.12-xe1.35:STATIC_REGIME:nw0.0100:dw0.0250:nl3:dl5:q0.30,LEVEL_SIZE,CONFIGURATION_FEASIBILITY_ONLY,NONE,NOT_ECONOMICALLY_IDENTIFIABLE,h1.25-x1.60-he1.12-xe1.35,STATIC_REGIME,0.01,0.025,3,5,0.3,3600.0,1.5,0.005,0.05,0,0,0,0,,,,,100.0,30.0,UNAVAILABLE,0,,,,,,,,,100.0,30.0,33.333333333333336,6.0,5.0,True,NOT_ECONOMICALLY_IDENTIFIABLE,False
validation,LEVEL_SIZE:h1.25-x1.60-he1.12-xe1.35:STATIC_REGIME:nw0.0100:dw0.0250:nl3:dl5:q0.40,LEVEL_SIZE,CONFIGURATION_FEASIBILITY_ONLY,NONE,NOT_ECONOMICALLY_IDENTIFIABLE,h1.25-x1.60-he1.12-xe1.35,STATIC_REGIME,0.01,0.025,3,5,0.4,3600.0,1.5,0.005,0.05,0,0,0,0,,,,,100.0,40.0,UNAVAILABLE,0,,,,,,,,,100.0,40.0,33.333333333333336,8.0,5.0,True,NOT_ECONOMICALLY_IDENTIFIABLE,False
validation,LEVEL_SIZE:h1.25-x1.60-he1.12-xe1.35:STATIC_REGIME:nw0.0100:dw0.0250:nl3:dl5:q0.50,LEVEL_SIZE,CONFIGURATION_FEASIBILITY_ONLY,NONE,NOT_ECONOMICALLY_IDENTIFIABLE,h1.25-x1.60-he1.12-xe1.35,STATIC_REGIME,0.01,0.025,3,5,0.5,3600.0,1.5,0.005,0.05,0,0,0,0,,,,,100.0,50.0,UNAVAILABLE,0,,,,,,,,,100.0,50.0,33.333333333333336,10.0,5.0,True,NOT_ECONOMICALLY_IDENTIFIABLE,False
validation,LEVEL_SIZE:h1.25-x1.60-he1.12-xe1.35:STATIC_REGIME:nw0.0100:dw0.0250:nl3:dl5:q0.60,LEVEL_SIZE,CONFIGURATION_FEASIBILITY_ONLY,NONE,NOT_ECONOMICALLY_IDENTIFIABLE,h1.25-x1.60-he1.12-xe1.35,STATIC_REGIME,0.01,0.025,3,5,0.6,3600.0,1.5,0.005,0.05,0,0,0,0,,,,,100.0,60.0,UNAVAILABLE,0,,,,,,,,,100.0,60.0,33.333333333333336,12.0,5.0,True,NOT_ECONOMICALLY_IDENTIFIABLE,False
validation,LEVEL_SIZE:h1.25-x1.60-he1.12-xe1.35:STATIC_REGIME:nw0.0100:dw0.0250:nl3:dl5:q0.75,LEVEL_SIZE,CONFIGURATION_FEASIBILITY_ONLY,NONE,NOT_ECONOMICALLY_IDENTIFIABLE,h1.25-x1.60-he1.12-xe1.35,STATIC_REGIME,0.01,0.025,3,5,0.75,3600.0,1.5,0.005,0.05,0,0,0,0,,,,,100.0,75.0,UNAVAILABLE,0,,,,,,,,,100.0,75.0,33.333333333333336,15.0,5.0,True,NOT_ECONOMICALLY_IDENTIFIABLE,False
validation,LEVEL_SIZE:h1.25-x1.60-he1.12-xe1.35:STATIC_REGIME:nw0.0100:dw0.0250:nl5:dl2:q0.30,LEVEL_SIZE,CONFIGURATION_FEASIBILITY_ONLY,NONE,NOT_ECONOMICALLY_IDENTIFIABLE,h1.25-x1.60-he1.12-xe1.35,STATIC_REGIME,0.01,0.025,5,2,0.3,3600.0,1.5,0.005,0.05,0,0,0,0,,,,,100.0,30.0,UNAVAILABLE,0,,,,,,,,,100.0,30.0,20.0,15.0,5.0,True,NOT_ECONOMICALLY_IDENTIFIABLE,False
validation,LEVEL_SIZE:h1.25-x1.60-he1.12-xe1.35:STATIC_REGIME:nw0.0100:dw0.0250:nl5:dl2:q0.40,LEVEL_SIZE,CONFIGURATION_FEASIBILITY_ONLY,NONE,NOT_ECONOMICALLY_IDENTIFIABLE,h1.25-x1.60-he1.12-xe1.35,STATIC_REGIME,0.01,0.025,5,2,0.4,3600.0,1.5,0.005,0.05,0,0,0,0,,,,,100.0,40.0,UNAVAILABLE,0,,,,,,,,,100.0,40.0,20.0,20.0,5.0,True,NOT_ECONOMICALLY_IDENTIFIABLE,False
validation,LEVEL_SIZE:h1.25-x1.60-he1.12-xe1.35:STATIC_REGIME:nw0.0100:dw0.0250:nl5:dl2:q0.50,LEVEL_SIZE,CONFIGURATION_FEASIBILITY_ONLY,NONE,NOT_ECONOMICALLY_IDENTIFIABLE,h1.25-x1.60-he1.12-xe1.35,STATIC_REGIME,0.01,0.025,5,2,0.5,3600.0,1.5,0.005,0.05,0,0,0,0,,,,,100.0,50.0,UNAVAILABLE,0,,,,,,,,,100.0,50.0,20.0,25.0,5.0,True,NOT_ECONOMICALLY_IDENTIFIABLE,False
validation,LEVEL_SIZE:h1.25-x1.60-he1.12-xe1.35:STATIC_REGIME:nw0.0100:dw0.0250:nl5:dl2:q0.60,LEVEL_SIZE,CONFIGURATION_FEASIBILITY_ONLY,NONE,NOT_ECONOMICALLY_IDENTIFIABLE,h1.25-x1.60-he1.12-xe1.35,STATIC_REGIME,0.01,0.025,5,2,0.6,3600.0,1.5,0.005,0.05,0,0,0,0,,,,,100.0,60.0,UNAVAILABLE,0,,,,,,,,,100.0,60.0,20.0,30.0,5.0,True,NOT_ECONOMICALLY_IDENTIFIABLE,False
validation,LEVEL_SIZE:h1.25-x1.60-he1.12-xe1.35:STATIC_REGIME:nw0.0100:dw0.0250:nl5:dl2:q0.75,LEVEL_SIZE,CONFIGURATION_FEASIBILITY_ONLY,NONE,NOT_ECONOMICALLY_IDENTIFIABLE,h1.25-x1.60-he1.12-xe1.35,STATIC_REGIME,0.01,0.025,5,2,0.75,3600.0,1.5,0.005,0.05,0,0,0,0,,,,,100.0,75.0,UNAVAILABLE,0,,,,,,,,,100.0,75.0,20.0,37.5,5.0,True,NOT_ECONOMICALLY_IDENTIFIABLE,False
validation,LEVEL_SIZE:h1.25-x1.60-he1.12-xe1.35:STATIC_REGIME:nw0.0100:dw0.0250:nl5:dl3:q0.30,LEVEL_SIZE,CONFIGURATION_FEASIBILITY_ONLY,NONE,NOT_ECONOMICALLY_IDENTIFIABLE,h1.25-x1.60-he1.12-xe1.35,STATIC_REGIME,0.01,0.025,5,3,0.3,3600.0,1.5,0.005,0.05,0,0,0,0,,,,,100.0,30.0,UNAVAILABLE,0,,,,,,,,,100.0,30.0,20.0,10.0,5.0,True,NOT_ECONOMICALLY_IDENTIFIABLE,False
validation,LEVEL_SIZE:h1.25-x1.60-he1.12-xe1.35:STATIC_REGIME:nw0.0100:dw0.0250:nl5:dl3:q0.40,LEVEL_SIZE,CONFIGURATION_FEASIBILITY_ONLY,NONE,NOT_ECONOMICALLY_IDENTIFIABLE,h1.25-x1.60-he1.12-xe1.35,STATIC_REGIME,0.01,0.025,5,3,0.4,3600.0,1.5,0.005,0.05,0,0,0,0,,,,,100.0,40.0,UNAVAILABLE,0,,,,,,,,,100.0,40.0,20.0,13.333333333333334,5.0,True,NOT_ECONOMICALLY_IDENTIFIABLE,False
validation,LEVEL_SIZE:h1.25-x1.60-he1.12-xe1.35:STATIC_REGIME:nw0.0100:dw0.0250:nl5:dl3:q0.50,LEVEL_SIZE,CONFIGURATION_FEASIBILITY_ONLY,NONE,NOT_ECONOMICALLY_IDENTIFIABLE,h1.25-x1.60-he1.12-xe1.35,STATIC_REGIME,0.01,0.025,5,3,0.5,3600.0,1.5,0.005,0.05,0,0,0,0,,,,,100.0,50.0,UNAVAILABLE,0,,,,,,,,,100.0,50.0,20.0,16.666666666666668,5.0,True,NOT_ECONOMICALLY_IDENTIFIABLE,False
validation,LEVEL_SIZE:h1.25-x1.60-he1.12-xe1.35:STATIC_REGIME:nw0.0100:dw0.0250:nl5:dl3:q0.60,LEVEL_SIZE,CONFIGURATION_FEASIBILITY_ONLY,NONE,NOT_ECONOMICALLY_IDENTIFIABLE,h1.25-x1.60-he1.12-xe1.35,STATIC_REGIME,0.01,0.025,5,3,0.6,3600.0,1.5,0.005,0.05,0,0,0,0,,,,,100.0,60.0,UNAVAILABLE,0,,,,,,,,,100.0,60.0,20.0,20.0,5.0,True,NOT_ECONOMICALLY_IDENTIFIABLE,True
validation,LEVEL_SIZE:h1.25-x1.60-he1.12-xe1.35:STATIC_REGIME:nw0.0100:dw0.0250:nl5:dl3:q0.75,LEVEL_SIZE,CONFIGURATION_FEASIBILITY_ONLY,NONE,NOT_ECONOMICALLY_IDENTIFIABLE,h1.25-x1.60-he1.12-xe1.35,STATIC_REGIME,0.01,0.025,5,3,0.75,3600.0,1.5,0.005,0.05,0,0,0,0,,,,,100.0,75.0,UNAVAILABLE,0,,,,,,,,,100.0,75.0,20.0,25.0,5.0,True,NOT_ECONOMICALLY_IDENTIFIABLE,False
validation,LEVEL_SIZE:h1.25-x1.60-he1.12-xe1.35:STATIC_REGIME:nw0.0100:dw0.0250:nl5:dl5:q0.30,LEVEL_SIZE,CONFIGURATION_FEASIBILITY_ONLY,NONE,NOT_ECONOMICALLY_IDENTIFIABLE,h1.25-x1.60-he1.12-xe1.35,STATIC_REGIME,0.01,0.025,5,5,0.3,3600.0,1.5,0.005,0.05,0,0,0,0,,,,,100.0,30.0,UNAVAILABLE,0,,,,,,,,,100.0,30.0,20.0,6.0,5.0,True,NOT_ECONOMICALLY_IDENTIFIABLE,False
validation,LEVEL_SIZE:h1.25-x1.60-he1.12-xe1.35:STATIC_REGIME:nw0.0100:dw0.0250:nl5:dl5:q0.40,LEVEL_SIZE,CONFIGURATION_FEASIBILITY_ONLY,NONE,NOT_ECONOMICALLY_IDENTIFIABLE,h1.25-x1.60-he1.12-xe1.35,STATIC_REGIME,0.01,0.025,5,5,0.4,3600.0,1.5,0.005,0.05,0,0,0,0,,,,,100.0,40.0,UNAVAILABLE,0,,,,,,,,,100.0,40.0,20.0,8.0,5.0,True,NOT_ECONOMICALLY_IDENTIFIABLE,False
validation,LEVEL_SIZE:h1.25-x1.60-he1.12-xe1.35:STATIC_REGIME:nw0.0100:dw0.0250:nl5:dl5:q0.50,LEVEL_SIZE,CONFIGURATION_FEASIBILITY_ONLY,NONE,NOT_ECONOMICALLY_IDENTIFIABLE,h1.25-x1.60-he1.12-xe1.35,STATIC_REGIME,0.01,0.025,5,5,0.5,3600.0,1.5,0.005,0.05,0,0,0,0,,,,,100.0,50.0,UNAVAILABLE,0,,,,,,,,,100.0,50.0,20.0,10.0,5.0,True,NOT_ECONOMICALLY_IDENTIFIABLE,False
validation,LEVEL_SIZE:h1.25-x1.60-he1.12-xe1.35:STATIC_REGIME:nw0.0100:dw0.0250:nl5:dl5:q0.60,LEVEL_SIZE,CONFIGURATION_FEASIBILITY_ONLY,NONE,NOT_ECONOMICALLY_IDENTIFIABLE,h1.25-x1.60-he1.12-xe1.35,STATIC_REGIME,0.01,0.025,5,5,0.6,3600.0,1.5,0.005,0.05,0,0,0,0,,,,,100.0,60.0,UNAVAILABLE,0,,,,,,,,,100.0,60.0,20.0,12.0,5.0,True,NOT_ECONOMICALLY_IDENTIFIABLE,False
validation,LEVEL_SIZE:h1.25-x1.60-he1.12-xe1.35:STATIC_REGIME:nw0.0100:dw0.0250:nl5:dl5:q0.75,LEVEL_SIZE,CONFIGURATION_FEASIBILITY_ONLY,NONE,NOT_ECONOMICALLY_IDENTIFIABLE,h1.25-x1.60-he1.12-xe1.35,STATIC_REGIME,0.01,0.025,5,5,0.75,3600.0,1.5,0.005,0.05,0,0,0,0,,,,,100.0,75.0,UNAVAILABLE,0,,,,,,,,,100.0,75.0,20.0,15.0,5.0,True,NOT_ECONOMICALLY_IDENTIFIABLE,False
validation,LEVEL_SIZE:h1.25-x1.60-he1.12-xe1.35:STATIC_REGIME:nw0.0100:dw0.0250:nl7:dl2:q0.30,LEVEL_SIZE,CONFIGURATION_FEASIBILITY_ONLY,NONE,NOT_ECONOMICALLY_IDENTIFIABLE,h1.25-x1.60-he1.12-xe1.35,STATIC_REGIME,0.01,0.025,7,2,0.3,3600.0,1.5,0.005,0.05,0,0,0,0,,,,,100.0,30.0,UNAVAILABLE,0,,,,,,,,,100.0,30.0,14.285714285714286,15.0,5.0,True,NOT_ECONOMICALLY_IDENTIFIABLE,False
validation,LEVEL_SIZE:h1.25-x1.60-he1.12-xe1.35:STATIC_REGIME:nw0.0100:dw0.0250:nl7:dl2:q0.40,LEVEL_SIZE,CONFIGURATION_FEASIBILITY_ONLY,NONE,NOT_ECONOMICALLY_IDENTIFIABLE,h1.25-x1.60-he1.12-xe1.35,STATIC_REGIME,0.01,0.025,7,2,0.4,3600.0,1.5,0.005,0.05,0,0,0,0,,,,,100.0,40.0,UNAVAILABLE,0,,,,,,,,,100.0,40.0,14.285714285714286,20.0,5.0,True,NOT_ECONOMICALLY_IDENTIFIABLE,False
validation,LEVEL_SIZE:h1.25-x1.60-he1.12-xe1.35:STATIC_REGIME:nw0.0100:dw0.0250:nl7:dl2:q0.50,LEVEL_SIZE,CONFIGURATION_FEASIBILITY_ONLY,NONE,NOT_ECONOMICALLY_IDENTIFIABLE,h1.25-x1.60-he1.12-xe1.35,STATIC_REGIME,0.01,0.025,7,2,0.5,3600.0,1.5,0.005,0.05,0,0,0,0,,,,,100.0,50.0,UNAVAILABLE,0,,,,,,,,,100.0,50.0,14.285714285714286,25.0,5.0,True,NOT_ECONOMICALLY_IDENTIFIABLE,False
validation,LEVEL_SIZE:h1.25-x1.60-he1.12-xe1.35:STATIC_REGIME:nw0.0100:dw0.0250:nl7:dl2:q0.60,LEVEL_SIZE,CONFIGURATION_FEASIBILITY_ONLY,NONE,NOT_ECONOMICALLY_IDENTIFIABLE,h1.25-x1.60-he1.12-xe1.35,STATIC_REGIME,0.01,0.025,7,2,0.6,3600.0,1.5,0.005,0.05,0,0,0,0,,,,,100.0,60.0,UNAVAILABLE,0,,,,,,,,,100.0,60.0,14.285714285714286,30.0,5.0,True,NOT_ECONOMICALLY_IDENTIFIABLE,False
validation,LEVEL_SIZE:h1.25-x1.60-he1.12-xe1.35:STATIC_REGIME:nw0.0100:dw0.0250:nl7:dl2:q0.75,LEVEL_SIZE,CONFIGURATION_FEASIBILITY_ONLY,NONE,NOT_ECONOMICALLY_IDENTIFIABLE,h1.25-x1.60-he1.12-xe1.35,STATIC_REGIME,0.01,0.025,7,2,0.75,3600.0,1.5,0.005,0.05,0,0,0,0,,,,,100.0,75.0,UNAVAILABLE,0,,,,,,,,,100.0,75.0,14.285714285714286,37.5,5.0,True,NOT_ECONOMICALLY_IDENTIFIABLE,False
validation,LEVEL_SIZE:h1.25-x1.60-he1.12-xe1.35:STATIC_REGIME:nw0.0100:dw0.0250:nl7:dl3:q0.30,LEVEL_SIZE,CONFIGURATION_FEASIBILITY_ONLY,NONE,NOT_ECONOMICALLY_IDENTIFIABLE,h1.25-x1.60-he1.12-xe1.35,STATIC_REGIME,0.01,0.025,7,3,0.3,3600.0,1.5,0.005,0.05,0,0,0,0,,,,,100.0,30.0,UNAVAILABLE,0,,,,,,,,,100.0,30.0,14.285714285714286,10.0,5.0,True,NOT_ECONOMICALLY_IDENTIFIABLE,False
validation,LEVEL_SIZE:h1.25-x1.60-he1.12-xe1.35:STATIC_REGIME:nw0.0100:dw0.0250:nl7:dl3:q0.40,LEVEL_SIZE,CONFIGURATION_FEASIBILITY_ONLY,NONE,NOT_ECONOMICALLY_IDENTIFIABLE,h1.25-x1.60-he1.12-xe1.35,STATIC_REGIME,0.01,0.025,7,3,0.4,3600.0,1.5,0.005,0.05,0,0,0,0,,,,,100.0,40.0,UNAVAILABLE,0,,,,,,,,,100.0,40.0,14.285714285714286,13.333333333333334,5.0,True,NOT_ECONOMICALLY_IDENTIFIABLE,False
validation,LEVEL_SIZE:h1.25-x1.60-he1.12-xe1.35:STATIC_REGIME:nw0.0100:dw0.0250:nl7:dl3:q0.50,LEVEL_SIZE,CONFIGURATION_FEASIBILITY_ONLY,NONE,NOT_ECONOMICALLY_IDENTIFIABLE,h1.25-x1.60-he1.12-xe1.35,STATIC_REGIME,0.01,0.025,7,3,0.5,3600.0,1.5,0.005,0.05,0,0,0,0,,,,,100.0,50.0,UNAVAILABLE,0,,,,,,,,,100.0,50.0,14.285714285714286,16.666666666666668,5.0,True,NOT_ECONOMICALLY_IDENTIFIABLE,False
validation,LEVEL_SIZE:h1.25-x1.60-he1.12-xe1.35:STATIC_REGIME:nw0.0100:dw0.0250:nl7:dl3:q0.60,LEVEL_SIZE,CONFIGURATION_FEASIBILITY_ONLY,NONE,NOT_ECONOMICALLY_IDENTIFIABLE,h1.25-x1.60-he1.12-xe1.35,STATIC_REGIME,0.01,0.025,7,3,0.6,3600.0,1.5,0.005,0.05,0,0,0,0,,,,,100.0,60.0,UNAVAILABLE,0,,,,,,,,,100.0,60.0,14.285714285714286,20.0,5.0,True,NOT_ECONOMICALLY_IDENTIFIABLE,False
validation,LEVEL_SIZE:h1.25-x1.60-he1.12-xe1.35:STATIC_REGIME:nw0.0100:dw0.0250:nl7:dl3:q0.75,LEVEL_SIZE,CONFIGURATION_FEASIBILITY_ONLY,NONE,NOT_ECONOMICALLY_IDENTIFIABLE,h1.25-x1.60-he1.12-xe1.35,STATIC_REGIME,0.01,0.025,7,3,0.75,3600.0,1.5,0.005,0.05,0,0,0,0,,,,,100.0,75.0,UNAVAILABLE,0,,,,,,,,,100.0,75.0,14.285714285714286,25.0,5.0,True,NOT_ECONOMICALLY_IDENTIFIABLE,False
validation,LEVEL_SIZE:h1.25-x1.60-he1.12-xe1.35:STATIC_REGIME:nw0.0100:dw0.0250:nl7:dl5:q0.30,LEVEL_SIZE,CONFIGURATION_FEASIBILITY_ONLY,NONE,NOT_ECONOMICALLY_IDENTIFIABLE,h1.25-x1.60-he1.12-xe1.35,STATIC_REGIME,0.01,0.025,7,5,0.3,3600.0,1.5,0.005,0.05,0,0,0,0,,,,,100.0,30.0,UNAVAILABLE,0,,,,,,,,,100.0,30.0,14.285714285714286,6.0,5.0,True,NOT_ECONOMICALLY_IDENTIFIABLE,False
validation,LEVEL_SIZE:h1.25-x1.60-he1.12-xe1.35:STATIC_REGIME:nw0.0100:dw0.0250:nl7:dl5:q0.40,LEVEL_SIZE,CONFIGURATION_FEASIBILITY_ONLY,NONE,NOT_ECONOMICALLY_IDENTIFIABLE,h1.25-x1.60-he1.12-xe1.35,STATIC_REGIME,0.01,0.025,7,5,0.4,3600.0,1.5,0.005,0.05,0,0,0,0,,,,,100.0,40.0,UNAVAILABLE,0,,,,,,,,,100.0,40.0,14.285714285714286,8.0,5.0,True,NOT_ECONOMICALLY_IDENTIFIABLE,False
validation,LEVEL_SIZE:h1.25-x1.60-he1.12-xe1.35:STATIC_REGIME:nw0.0100:dw0.0250:nl7:dl5:q0.50,LEVEL_SIZE,CONFIGURATION_FEASIBILITY_ONLY,NONE,NOT_ECONOMICALLY_IDENTIFIABLE,h1.25-x1.60-he1.12-xe1.35,STATIC_REGIME,0.01,0.025,7,5,0.5,3600.0,1.5,0.005,0.05,0,0,0,0,,,,,100.0,50.0,UNAVAILABLE,0,,,,,,,,,100.0,50.0,14.285714285714286,10.0,5.0,True,NOT_ECONOMICALLY_IDENTIFIABLE,False
validation,LEVEL_SIZE:h1.25-x1.60-he1.12-xe1.35:STATIC_REGIME:nw0.0100:dw0.0250:nl7:dl5:q0.60,LEVEL_SIZE,CONFIGURATION_FEASIBILITY_ONLY,NONE,NOT_ECONOMICALLY_IDENTIFIABLE,h1.25-x1.60-he1.12-xe1.35,STATIC_REGIME,0.01,0.025,7,5,0.6,3600.0,1.5,0.005,0.05,0,0,0,0,,,,,100.0,60.0,UNAVAILABLE,0,,,,,,,,,100.0,60.0,14.285714285714286,12.0,5.0,True,NOT_ECONOMICALLY_IDENTIFIABLE,False
validation,LEVEL_SIZE:h1.25-x1.60-he1.12-xe1.35:STATIC_REGIME:nw0.0100:dw0.0250:nl7:dl5:q0.75,LEVEL_SIZE,CONFIGURATION_FEASIBILITY_ONLY,NONE,NOT_ECONOMICALLY_IDENTIFIABLE,h1.25-x1.60-he1.12-xe1.35,STATIC_REGIME,0.01,0.025,7,5,0.75,3600.0,1.5,0.005,0.05,0,0,0,0,,,,,100.0,75.0,UNAVAILABLE,0,,,,,,,,,100.0,75.0,14.285714285714286,15.0,5.0,True,NOT_ECONOMICALLY_IDENTIFIABLE,False
holdout,LEVEL_SIZE:h1.25-x1.60-he1.12-xe1.35:STATIC_REGIME:nw0.0100:dw0.0250:nl3:dl2:q0.30,LEVEL_SIZE,CONFIGURATION_FEASIBILITY_ONLY,NONE,NOT_ECONOMICALLY_IDENTIFIABLE,h1.25-x1.60-he1.12-xe1.35,STATIC_REGIME,0.01,0.025,3,2,0.3,3600.0,1.5,0.005,0.05,0,0,0,0,,,,,100.0,30.0,UNAVAILABLE,0,,,,,,,,,100.0,30.0,33.333333333333336,15.0,5.0,True,NOT_ECONOMICALLY_IDENTIFIABLE,False
holdout,LEVEL_SIZE:h1.25-x1.60-he1.12-xe1.35:STATIC_REGIME:nw0.0100:dw0.0250:nl3:dl2:q0.40,LEVEL_SIZE,CONFIGURATION_FEASIBILITY_ONLY,NONE,NOT_ECONOMICALLY_IDENTIFIABLE,h1.25-x1.60-he1.12-xe1.35,STATIC_REGIME,0.01,0.025,3,2,0.4,3600.0,1.5,0.005,0.05,0,0,0,0,,,,,100.0,40.0,UNAVAILABLE,0,,,,,,,,,100.0,40.0,33.333333333333336,20.0,5.0,True,NOT_ECONOMICALLY_IDENTIFIABLE,False
holdout,LEVEL_SIZE:h1.25-x1.60-he1.12-xe1.35:STATIC_REGIME:nw0.0100:dw0.0250:nl3:dl2:q0.50,LEVEL_SIZE,CONFIGURATION_FEASIBILITY_ONLY,NONE,NOT_ECONOMICALLY_IDENTIFIABLE,h1.25-x1.60-he1.12-xe1.35,STATIC_REGIME,0.01,0.025,3,2,0.5,3600.0,1.5,0.005,0.05,0,0,0,0,,,,,100.0,50.0,UNAVAILABLE,0,,,,,,,,,100.0,50.0,33.333333333333336,25.0,5.0,True,NOT_ECONOMICALLY_IDENTIFIABLE,False
holdout,LEVEL_SIZE:h1.25-x1.60-he1.12-xe1.35:STATIC_REGIME:nw0.0100:dw0.0250:nl3:dl2:q0.60,LEVEL_SIZE,CONFIGURATION_FEASIBILITY_ONLY,NONE,NOT_ECONOMICALLY_IDENTIFIABLE,h1.25-x1.60-he1.12-xe1.35,STATIC_REGIME,0.01,0.025,3,2,0.6,3600.0,1.5,0.005,0.05,0,0,0,0,,,,,100.0,60.0,UNAVAILABLE,0,,,,,,,,,100.0,60.0,33.333333333333336,30.0,5.0,True,NOT_ECONOMICALLY_IDENTIFIABLE,False
holdout,LEVEL_SIZE:h1.25-x1.60-he1.12-xe1.35:STATIC_REGIME:nw0.0100:dw0.0250:nl3:dl2:q0.75,LEVEL_SIZE,CONFIGURATION_FEASIBILITY_ONLY,NONE,NOT_ECONOMICALLY_IDENTIFIABLE,h1.25-x1.60-he1.12-xe1.35,STATIC_REGIME,0.01,0.025,3,2,0.75,3600.0,1.5,0.005,0.05,0,0,0,0,,,,,100.0,75.0,UNAVAILABLE,0,,,,,,,,,100.0,75.0,33.333333333333336,37.5,5.0,True,NOT_ECONOMICALLY_IDENTIFIABLE,False
holdout,LEVEL_SIZE:h1.25-x1.60-he1.12-xe1.35:STATIC_REGIME:nw0.0100:dw0.0250:nl3:dl3:q0.30,LEVEL_SIZE,CONFIGURATION_FEASIBILITY_ONLY,NONE,NOT_ECONOMICALLY_IDENTIFIABLE,h1.25-x1.60-he1.12-xe1.35,STATIC_REGIME,0.01,0.025,3,3,0.3,3600.0,1.5,0.005,0.05,0,0,0,0,,,,,100.0,30.0,UNAVAILABLE,0,,,,,,,,,100.0,30.0,33.333333333333336,10.0,5.0,True,NOT_ECONOMICALLY_IDENTIFIABLE,False
holdout,LEVEL_SIZE:h1.25-x1.60-he1.12-xe1.35:STATIC_REGIME:nw0.0100:dw0.0250:nl3:dl3:q0.40,LEVEL_SIZE,CONFIGURATION_FEASIBILITY_ONLY,NONE,NOT_ECONOMICALLY_IDENTIFIABLE,h1.25-x1.60-he1.12-xe1.35,STATIC_REGIME,0.01,0.025,3,3,0.4,3600.0,1.5,0.005,0.05,0,0,0,0,,,,,100.0,40.0,UNAVAILABLE,0,,,,,,,,,100.0,40.0,33.333333333333336,13.333333333333334,5.0,True,NOT_ECONOMICALLY_IDENTIFIABLE,False
holdout,LEVEL_SIZE:h1.25-x1.60-he1.12-xe1.35:STATIC_REGIME:nw0.0100:dw0.0250:nl3:dl3:q0.50,LEVEL_SIZE,CONFIGURATION_FEASIBILITY_ONLY,NONE,NOT_ECONOMICALLY_IDENTIFIABLE,h1.25-x1.60-he1.12-xe1.35,STATIC_REGIME,0.01,0.025,3,3,0.5,3600.0,1.5,0.005,0.05,0,0,0,0,,,,,100.0,50.0,UNAVAILABLE,0,,,,,,,,,100.0,50.0,33.333333333333336,16.666666666666668,5.0,True,NOT_ECONOMICALLY_IDENTIFIABLE,False
holdout,LEVEL_SIZE:h1.25-x1.60-he1.12-xe1.35:STATIC_REGIME:nw0.0100:dw0.0250:nl3:dl3:q0.60,LEVEL_SIZE,CONFIGURATION_FEASIBILITY_ONLY,NONE,NOT_ECONOMICALLY_IDENTIFIABLE,h1.25-x1.60-he1.12-xe1.35,STATIC_REGIME,0.01,0.025,3,3,0.6,3600.0,1.5,0.005,0.05,0,0,0,0,,,,,100.0,60.0,UNAVAILABLE,0,,,,,,,,,100.0,60.0,33.333333333333336,20.0,5.0,True,NOT_ECONOMICALLY_IDENTIFIABLE,False
holdout,LEVEL_SIZE:h1.25-x1.60-he1.12-xe1.35:STATIC_REGIME:nw0.0100:dw0.0250:nl3:dl3:q0.75,LEVEL_SIZE,CONFIGURATION_FEASIBILITY_ONLY,NONE,NOT_ECONOMICALLY_IDENTIFIABLE,h1.25-x1.60-he1.12-xe1.35,STATIC_REGIME,0.01,0.025,3,3,0.75,3600.0,1.5,0.005,0.05,0,0,0,0,,,,,100.0,75.0,UNAVAILABLE,0,,,,,,,,,100.0,75.0,33.333333333333336,25.0,5.0,True,NOT_ECONOMICALLY_IDENTIFIABLE,False
holdout,LEVEL_SIZE:h1.25-x1.60-he1.12-xe1.35:STATIC_REGIME:nw0.0100:dw0.0250:nl3:dl5:q0.30,LEVEL_SIZE,CONFIGURATION_FEASIBILITY_ONLY,NONE,NOT_ECONOMICALLY_IDENTIFIABLE,h1.25-x1.60-he1.12-xe1.35,STATIC_REGIME,0.01,0.025,3,5,0.3,3600.0,1.5,0.005,0.05,0,0,0,0,,,,,100.0,30.0,UNAVAILABLE,0,,,,,,,,,100.0,30.0,33.333333333333336,6.0,5.0,True,NOT_ECONOMICALLY_IDENTIFIABLE,False
holdout,LEVEL_SIZE:h1.25-x1.60-he1.12-xe1.35:STATIC_REGIME:nw0.0100:dw0.0250:nl3:dl5:q0.40,LEVEL_SIZE,CONFIGURATION_FEASIBILITY_ONLY,NONE,NOT_ECONOMICALLY_IDENTIFIABLE,h1.25-x1.60-he1.12-xe1.35,STATIC_REGIME,0.01,0.025,3,5,0.4,3600.0,1.5,0.005,0.05,0,0,0,0,,,,,100.0,40.0,UNAVAILABLE,0,,,,,,,,,100.0,40.0,33.333333333333336,8.0,5.0,True,NOT_ECONOMICALLY_IDENTIFIABLE,False
holdout,LEVEL_SIZE:h1.25-x1.60-he1.12-xe1.35:STATIC_REGIME:nw0.0100:dw0.0250:nl3:dl5:q0.50,LEVEL_SIZE,CONFIGURATION_FEASIBILITY_ONLY,NONE,NOT_ECONOMICALLY_IDENTIFIABLE,h1.25-x1.60-he1.12-xe1.35,STATIC_REGIME,0.01,0.025,3,5,0.5,3600.0,1.5,0.005,0.05,0,0,0,0,,,,,100.0,50.0,UNAVAILABLE,0,,,,,,,,,100.0,50.0,33.333333333333336,10.0,5.0,True,NOT_ECONOMICALLY_IDENTIFIABLE,False
holdout,LEVEL_SIZE:h1.25-x1.60-he1.12-xe1.35:STATIC_REGIME:nw0.0100:dw0.0250:nl3:dl5:q0.60,LEVEL_SIZE,CONFIGURATION_FEASIBILITY_ONLY,NONE,NOT_ECONOMICALLY_IDENTIFIABLE,h1.25-x1.60-he1.12-xe1.35,STATIC_REGIME,0.01,0.025,3,5,0.6,3600.0,1.5,0.005,0.05,0,0,0,0,,,,,100.0,60.0,UNAVAILABLE,0,,,,,,,,,100.0,60.0,33.333333333333336,12.0,5.0,True,NOT_ECONOMICALLY_IDENTIFIABLE,False
holdout,LEVEL_SIZE:h1.25-x1.60-he1.12-xe1.35:STATIC_REGIME:nw0.0100:dw0.0250:nl3:dl5:q0.75,LEVEL_SIZE,CONFIGURATION_FEASIBILITY_ONLY,NONE,NOT_ECONOMICALLY_IDENTIFIABLE,h1.25-x1.60-he1.12-xe1.35,STATIC_REGIME,0.01,0.025,3,5,0.75,3600.0,1.5,0.005,0.05,0,0,0,0,,,,,100.0,75.0,UNAVAILABLE,0,,,,,,,,,100.0,75.0,33.333333333333336,15.0,5.0,True,NOT_ECONOMICALLY_IDENTIFIABLE,False
holdout,LEVEL_SIZE:h1.25-x1.60-he1.12-xe1.35:STATIC_REGIME:nw0.0100:dw0.0250:nl5:dl2:q0.30,LEVEL_SIZE,CONFIGURATION_FEASIBILITY_ONLY,NONE,NOT_ECONOMICALLY_IDENTIFIABLE,h1.25-x1.60-he1.12-xe1.35,STATIC_REGIME,0.01,0.025,5,2,0.3,3600.0,1.5,0.005,0.05,0,0,0,0,,,,,100.0,30.0,UNAVAILABLE,0,,,,,,,,,100.0,30.0,20.0,15.0,5.0,True,NOT_ECONOMICALLY_IDENTIFIABLE,False
holdout,LEVEL_SIZE:h1.25-x1.60-he1.12-xe1.35:STATIC_REGIME:nw0.0100:dw0.0250:nl5:dl2:q0.40,LEVEL_SIZE,CONFIGURATION_FEASIBILITY_ONLY,NONE,NOT_ECONOMICALLY_IDENTIFIABLE,h1.25-x1.60-he1.12-xe1.35,STATIC_REGIME,0.01,0.025,5,2,0.4,3600.0,1.5,0.005,0.05,0,0,0,0,,,,,100.0,40.0,UNAVAILABLE,0,,,,,,,,,100.0,40.0,20.0,20.0,5.0,True,NOT_ECONOMICALLY_IDENTIFIABLE,False
holdout,LEVEL_SIZE:h1.25-x1.60-he1.12-xe1.35:STATIC_REGIME:nw0.0100:dw0.0250:nl5:dl2:q0.50,LEVEL_SIZE,CONFIGURATION_FEASIBILITY_ONLY,NONE,NOT_ECONOMICALLY_IDENTIFIABLE,h1.25-x1.60-he1.12-xe1.35,STATIC_REGIME,0.01,0.025,5,2,0.5,3600.0,1.5,0.005,0.05,0,0,0,0,,,,,100.0,50.0,UNAVAILABLE,0,,,,,,,,,100.0,50.0,20.0,25.0,5.0,True,NOT_ECONOMICALLY_IDENTIFIABLE,False
holdout,LEVEL_SIZE:h1.25-x1.60-he1.12-xe1.35:STATIC_REGIME:nw0.0100:dw0.0250:nl5:dl2:q0.60,LEVEL_SIZE,CONFIGURATION_FEASIBILITY_ONLY,NONE,NOT_ECONOMICALLY_IDENTIFIABLE,h1.25-x1.60-he1.12-xe1.35,STATIC_REGIME,0.01,0.025,5,2,0.6,3600.0,1.5,0.005,0.05,0,0,0,0,,,,,100.0,60.0,UNAVAILABLE,0,,,,,,,,,100.0,60.0,20.0,30.0,5.0,True,NOT_ECONOMICALLY_IDENTIFIABLE,False
holdout,LEVEL_SIZE:h1.25-x1.60-he1.12-xe1.35:STATIC_REGIME:nw0.0100:dw0.0250:nl5:dl2:q0.75,LEVEL_SIZE,CONFIGURATION_FEASIBILITY_ONLY,NONE,NOT_ECONOMICALLY_IDENTIFIABLE,h1.25-x1.60-he1.12-xe1.35,STATIC_REGIME,0.01,0.025,5,2,0.75,3600.0,1.5,0.005,0.05,0,0,0,0,,,,,100.0,75.0,UNAVAILABLE,0,,,,,,,,,100.0,75.0,20.0,37.5,5.0,True,NOT_ECONOMICALLY_IDENTIFIABLE,False
holdout,LEVEL_SIZE:h1.25-x1.60-he1.12-xe1.35:STATIC_REGIME:nw0.0100:dw0.0250:nl5:dl3:q0.30,LEVEL_SIZE,CONFIGURATION_FEASIBILITY_ONLY,NONE,NOT_ECONOMICALLY_IDENTIFIABLE,h1.25-x1.60-he1.12-xe1.35,STATIC_REGIME,0.01,0.025,5,3,0.3,3600.0,1.5,0.005,0.05,0,0,0,0,,,,,100.0,30.0,UNAVAILABLE,0,,,,,,,,,100.0,30.0,20.0,10.0,5.0,True,NOT_ECONOMICALLY_IDENTIFIABLE,False
holdout,LEVEL_SIZE:h1.25-x1.60-he1.12-xe1.35:STATIC_REGIME:nw0.0100:dw0.0250:nl5:dl3:q0.40,LEVEL_SIZE,CONFIGURATION_FEASIBILITY_ONLY,NONE,NOT_ECONOMICALLY_IDENTIFIABLE,h1.25-x1.60-he1.12-xe1.35,STATIC_REGIME,0.01,0.025,5,3,0.4,3600.0,1.5,0.005,0.05,0,0,0,0,,,,,100.0,40.0,UNAVAILABLE,0,,,,,,,,,100.0,40.0,20.0,13.333333333333334,5.0,True,NOT_ECONOMICALLY_IDENTIFIABLE,False
holdout,LEVEL_SIZE:h1.25-x1.60-he1.12-xe1.35:STATIC_REGIME:nw0.0100:dw0.0250:nl5:dl3:q0.50,LEVEL_SIZE,CONFIGURATION_FEASIBILITY_ONLY,NONE,NOT_ECONOMICALLY_IDENTIFIABLE,h1.25-x1.60-he1.12-xe1.35,STATIC_REGIME,0.01,0.025,5,3,0.5,3600.0,1.5,0.005,0.05,0,0,0,0,,,,,100.0,50.0,UNAVAILABLE,0,,,,,,,,,100.0,50.0,20.0,16.666666666666668,5.0,True,NOT_ECONOMICALLY_IDENTIFIABLE,False
holdout,LEVEL_SIZE:h1.25-x1.60-he1.12-xe1.35:STATIC_REGIME:nw0.0100:dw0.0250:nl5:dl3:q0.60,LEVEL_SIZE,CONFIGURATION_FEASIBILITY_ONLY,NONE,NOT_ECONOMICALLY_IDENTIFIABLE,h1.25-x1.60-he1.12-xe1.35,STATIC_REGIME,0.01,0.025,5,3,0.6,3600.0,1.5,0.005,0.05,0,0,0,0,,,,,100.0,60.0,UNAVAILABLE,0,,,,,,,,,100.0,60.0,20.0,20.0,5.0,True,NOT_ECONOMICALLY_IDENTIFIABLE,True
holdout,LEVEL_SIZE:h1.25-x1.60-he1.12-xe1.35:STATIC_REGIME:nw0.0100:dw0.0250:nl5:dl3:q0.75,LEVEL_SIZE,CONFIGURATION_FEASIBILITY_ONLY,NONE,NOT_ECONOMICALLY_IDENTIFIABLE,h1.25-x1.60-he1.12-xe1.35,STATIC_REGIME,0.01,0.025,5,3,0.75,3600.0,1.5,0.005,0.05,0,0,0,0,,,,,100.0,75.0,UNAVAILABLE,0,,,,,,,,,100.0,75.0,20.0,25.0,5.0,True,NOT_ECONOMICALLY_IDENTIFIABLE,False
holdout,LEVEL_SIZE:h1.25-x1.60-he1.12-xe1.35:STATIC_REGIME:nw0.0100:dw0.0250:nl5:dl5:q0.30,LEVEL_SIZE,CONFIGURATION_FEASIBILITY_ONLY,NONE,NOT_ECONOMICALLY_IDENTIFIABLE,h1.25-x1.60-he1.12-xe1.35,STATIC_REGIME,0.01,0.025,5,5,0.3,3600.0,1.5,0.005,0.05,0,0,0,0,,,,,100.0,30.0,UNAVAILABLE,0,,,,,,,,,100.0,30.0,20.0,6.0,5.0,True,NOT_ECONOMICALLY_IDENTIFIABLE,False
holdout,LEVEL_SIZE:h1.25-x1.60-he1.12-xe1.35:STATIC_REGIME:nw0.0100:dw0.0250:nl5:dl5:q0.40,LEVEL_SIZE,CONFIGURATION_FEASIBILITY_ONLY,NONE,NOT_ECONOMICALLY_IDENTIFIABLE,h1.25-x1.60-he1.12-xe1.35,STATIC_REGIME,0.01,0.025,5,5,0.4,3600.0,1.5,0.005,0.05,0,0,0,0,,,,,100.0,40.0,UNAVAILABLE,0,,,,,,,,,100.0,40.0,20.0,8.0,5.0,True,NOT_ECONOMICALLY_IDENTIFIABLE,False
holdout,LEVEL_SIZE:h1.25-x1.60-he1.12-xe1.35:STATIC_REGIME:nw0.0100:dw0.0250:nl5:dl5:q0.50,LEVEL_SIZE,CONFIGURATION_FEASIBILITY_ONLY,NONE,NOT_ECONOMICALLY_IDENTIFIABLE,h1.25-x1.60-he1.12-xe1.35,STATIC_REGIME,0.01,0.025,5,5,0.5,3600.0,1.5,0.005,0.05,0,0,0,0,,,,,100.0,50.0,UNAVAILABLE,0,,,,,,,,,100.0,50.0,20.0,10.0,5.0,True,NOT_ECONOMICALLY_IDENTIFIABLE,False
holdout,LEVEL_SIZE:h1.25-x1.60-he1.12-xe1.35:STATIC_REGIME:nw0.0100:dw0.0250:nl5:dl5:q0.60,LEVEL_SIZE,CONFIGURATION_FEASIBILITY_ONLY,NONE,NOT_ECONOMICALLY_IDENTIFIABLE,h1.25-x1.60-he1.12-xe1.35,STATIC_REGIME,0.01,0.025,5,5,0.6,3600.0,1.5,0.005,0.05,0,0,0,0,,,,,100.0,60.0,UNAVAILABLE,0,,,,,,,,,100.0,60.0,20.0,12.0,5.0,True,NOT_ECONOMICALLY_IDENTIFIABLE,False
holdout,LEVEL_SIZE:h1.25-x1.60-he1.12-xe1.35:STATIC_REGIME:nw0.0100:dw0.0250:nl5:dl5:q0.75,LEVEL_SIZE,CONFIGURATION_FEASIBILITY_ONLY,NONE,NOT_ECONOMICALLY_IDENTIFIABLE,h1.25-x1.60-he1.12-xe1.35,STATIC_REGIME,0.01,0.025,5,5,0.75,3600.0,1.5,0.005,0.05,0,0,0,0,,,,,100.0,75.0,UNAVAILABLE,0,,,,,,,,,100.0,75.0,20.0,15.0,5.0,True,NOT_ECONOMICALLY_IDENTIFIABLE,False
holdout,LEVEL_SIZE:h1.25-x1.60-he1.12-xe1.35:STATIC_REGIME:nw0.0100:dw0.0250:nl7:dl2:q0.30,LEVEL_SIZE,CONFIGURATION_FEASIBILITY_ONLY,NONE,NOT_ECONOMICALLY_IDENTIFIABLE,h1.25-x1.60-he1.12-xe1.35,STATIC_REGIME,0.01,0.025,7,2,0.3,3600.0,1.5,0.005,0.05,0,0,0,0,,,,,100.0,30.0,UNAVAILABLE,0,,,,,,,,,100.0,30.0,14.285714285714286,15.0,5.0,True,NOT_ECONOMICALLY_IDENTIFIABLE,False
holdout,LEVEL_SIZE:h1.25-x1.60-he1.12-xe1.35:STATIC_REGIME:nw0.0100:dw0.0250:nl7:dl2:q0.40,LEVEL_SIZE,CONFIGURATION_FEASIBILITY_ONLY,NONE,NOT_ECONOMICALLY_IDENTIFIABLE,h1.25-x1.60-he1.12-xe1.35,STATIC_REGIME,0.01,0.025,7,2,0.4,3600.0,1.5,0.005,0.05,0,0,0,0,,,,,100.0,40.0,UNAVAILABLE,0,,,,,,,,,100.0,40.0,14.285714285714286,20.0,5.0,True,NOT_ECONOMICALLY_IDENTIFIABLE,False
holdout,LEVEL_SIZE:h1.25-x1.60-he1.12-xe1.35:STATIC_REGIME:nw0.0100:dw0.0250:nl7:dl2:q0.50,LEVEL_SIZE,CONFIGURATION_FEASIBILITY_ONLY,NONE,NOT_ECONOMICALLY_IDENTIFIABLE,h1.25-x1.60-he1.12-xe1.35,STATIC_REGIME,0.01,0.025,7,2,0.5,3600.0,1.5,0.005,0.05,0,0,0,0,,,,,100.0,50.0,UNAVAILABLE,0,,,,,,,,,100.0,50.0,14.285714285714286,25.0,5.0,True,NOT_ECONOMICALLY_IDENTIFIABLE,False
holdout,LEVEL_SIZE:h1.25-x1.60-he1.12-xe1.35:STATIC_REGIME:nw0.0100:dw0.0250:nl7:dl2:q0.60,LEVEL_SIZE,CONFIGURATION_FEASIBILITY_ONLY,NONE,NOT_ECONOMICALLY_IDENTIFIABLE,h1.25-x1.60-he1.12-xe1.35,STATIC_REGIME,0.01,0.025,7,2,0.6,3600.0,1.5,0.005,0.05,0,0,0,0,,,,,100.0,60.0,UNAVAILABLE,0,,,,,,,,,100.0,60.0,14.285714285714286,30.0,5.0,True,NOT_ECONOMICALLY_IDENTIFIABLE,False
holdout,LEVEL_SIZE:h1.25-x1.60-he1.12-xe1.35:STATIC_REGIME:nw0.0100:dw0.0250:nl7:dl2:q0.75,LEVEL_SIZE,CONFIGURATION_FEASIBILITY_ONLY,NONE,NOT_ECONOMICALLY_IDENTIFIABLE,h1.25-x1.60-he1.12-xe1.35,STATIC_REGIME,0.01,0.025,7,2,0.75,3600.0,1.5,0.005,0.05,0,0,0,0,,,,,100.0,75.0,UNAVAILABLE,0,,,,,,,,,100.0,75.0,14.285714285714286,37.5,5.0,True,NOT_ECONOMICALLY_IDENTIFIABLE,False
holdout,LEVEL_SIZE:h1.25-x1.60-he1.12-xe1.35:STATIC_REGIME:nw0.0100:dw0.0250:nl7:dl3:q0.30,LEVEL_SIZE,CONFIGURATION_FEASIBILITY_ONLY,NONE,NOT_ECONOMICALLY_IDENTIFIABLE,h1.25-x1.60-he1.12-xe1.35,STATIC_REGIME,0.01,0.025,7,3,0.3,3600.0,1.5,0.005,0.05,0,0,0,0,,,,,100.0,30.0,UNAVAILABLE,0,,,,,,,,,100.0,30.0,14.285714285714286,10.0,5.0,True,NOT_ECONOMICALLY_IDENTIFIABLE,False
holdout,LEVEL_SIZE:h1.25-x1.60-he1.12-xe1.35:STATIC_REGIME:nw0.0100:dw0.0250:nl7:dl3:q0.40,LEVEL_SIZE,CONFIGURATION_FEASIBILITY_ONLY,NONE,NOT_ECONOMICALLY_IDENTIFIABLE,h1.25-x1.60-he1.12-xe1.35,STATIC_REGIME,0.01,0.025,7,3,0.4,3600.0,1.5,0.005,0.05,0,0,0,0,,,,,100.0,40.0,UNAVAILABLE,0,,,,,,,,,100.0,40.0,14.285714285714286,13.333333333333334,5.0,True,NOT_ECONOMICALLY_IDENTIFIABLE,False
holdout,LEVEL_SIZE:h1.25-x1.60-he1.12-xe1.35:STATIC_REGIME:nw0.0100:dw0.0250:nl7:dl3:q0.50,LEVEL_SIZE,CONFIGURATION_FEASIBILITY_ONLY,NONE,NOT_ECONOMICALLY_IDENTIFIABLE,h1.25-x1.60-he1.12-xe1.35,STATIC_REGIME,0.01,0.025,7,3,0.5,3600.0,1.5,0.005,0.05,0,0,0,0,,,,,100.0,50.0,UNAVAILABLE,0,,,,,,,,,100.0,50.0,14.285714285714286,16.666666666666668,5.0,True,NOT_ECONOMICALLY_IDENTIFIABLE,False
holdout,LEVEL_SIZE:h1.25-x1.60-he1.12-xe1.35:STATIC_REGIME:nw0.0100:dw0.0250:nl7:dl3:q0.60,LEVEL_SIZE,CONFIGURATION_FEASIBILITY_ONLY,NONE,NOT_ECONOMICALLY_IDENTIFIABLE,h1.25-x1.60-he1.12-xe1.35,STATIC_REGIME,0.01,0.025,7,3,0.6,3600.0,1.5,0.005,0.05,0,0,0,0,,,,,100.0,60.0,UNAVAILABLE,0,,,,,,,,,100.0,60.0,14.285714285714286,20.0,5.0,True,NOT_ECONOMICALLY_IDENTIFIABLE,False
holdout,LEVEL_SIZE:h1.25-x1.60-he1.12-xe1.35:STATIC_REGIME:nw0.0100:dw0.0250:nl7:dl3:q0.75,LEVEL_SIZE,CONFIGURATION_FEASIBILITY_ONLY,NONE,NOT_ECONOMICALLY_IDENTIFIABLE,h1.25-x1.60-he1.12-xe1.35,STATIC_REGIME,0.01,0.025,7,3,0.75,3600.0,1.5,0.005,0.05,0,0,0,0,,,,,100.0,75.0,UNAVAILABLE,0,,,,,,,,,100.0,75.0,14.285714285714286,25.0,5.0,True,NOT_ECONOMICALLY_IDENTIFIABLE,False
holdout,LEVEL_SIZE:h1.25-x1.60-he1.12-xe1.35:STATIC_REGIME:nw0.0100:dw0.0250:nl7:dl5:q0.30,LEVEL_SIZE,CONFIGURATION_FEASIBILITY_ONLY,NONE,NOT_ECONOMICALLY_IDENTIFIABLE,h1.25-x1.60-he1.12-xe1.35,STATIC_REGIME,0.01,0.025,7,5,0.3,3600.0,1.5,0.005,0.05,0,0,0,0,,,,,100.0,30.0,UNAVAILABLE,0,,,,,,,,,100.0,30.0,14.285714285714286,6.0,5.0,True,NOT_ECONOMICALLY_IDENTIFIABLE,False
holdout,LEVEL_SIZE:h1.25-x1.60-he1.12-xe1.35:STATIC_REGIME:nw0.0100:dw0.0250:nl7:dl5:q0.40,LEVEL_SIZE,CONFIGURATION_FEASIBILITY_ONLY,NONE,NOT_ECONOMICALLY_IDENTIFIABLE,h1.25-x1.60-he1.12-xe1.35,STATIC_REGIME,0.01,0.025,7,5,0.4,3600.0,1.5,0.005,0.05,0,0,0,0,,,,,100.0,40.0,UNAVAILABLE,0,,,,,,,,,100.0,40.0,14.285714285714286,8.0,5.0,True,NOT_ECONOMICALLY_IDENTIFIABLE,False
holdout,LEVEL_SIZE:h1.25-x1.60-he1.12-xe1.35:STATIC_REGIME:nw0.0100:dw0.0250:nl7:dl5:q0.50,LEVEL_SIZE,CONFIGURATION_FEASIBILITY_ONLY,NONE,NOT_ECONOMICALLY_IDENTIFIABLE,h1.25-x1.60-he1.12-xe1.35,STATIC_REGIME,0.01,0.025,7,5,0.5,3600.0,1.5,0.005,0.05,0,0,0,0,,,,,100.0,50.0,UNAVAILABLE,0,,,,,,,,,100.0,50.0,14.285714285714286,10.0,5.0,True,NOT_ECONOMICALLY_IDENTIFIABLE,False
holdout,LEVEL_SIZE:h1.25-x1.60-he1.12-xe1.35:STATIC_REGIME:nw0.0100:dw0.0250:nl7:dl5:q0.60,LEVEL_SIZE,CONFIGURATION_FEASIBILITY_ONLY,NONE,NOT_ECONOMICALLY_IDENTIFIABLE,h1.25-x1.60-he1.12-xe1.35,STATIC_REGIME,0.01,0.025,7,5,0.6,3600.0,1.5,0.005,0.05,0,0,0,0,,,,,100.0,60.0,UNAVAILABLE,0,,,,,,,,,100.0,60.0,14.285714285714286,12.0,5.0,True,NOT_ECONOMICALLY_IDENTIFIABLE,False
holdout,LEVEL_SIZE:h1.25-x1.60-he1.12-xe1.35:STATIC_REGIME:nw0.0100:dw0.0250:nl7:dl5:q0.75,LEVEL_SIZE,CONFIGURATION_FEASIBILITY_ONLY,NONE,NOT_ECONOMICALLY_IDENTIFIABLE,h1.25-x1.60-he1.12-xe1.35,STATIC_REGIME,0.01,0.025,7,5,0.75,3600.0,1.5,0.005,0.05,0,0,0,0,,,,,100.0,75.0,UNAVAILABLE,0,,,,,,,,,100.0,75.0,14.285714285714286,15.0,5.0,True,NOT_ECONOMICALLY_IDENTIFIABLE,False
